timestamp,label,benchmark,avg_us,min_us,max_us
2026-04-26T11:53:24Z,v1.3.0-post,build_boot_seq_desktop,5,3,217
2026-04-26T11:53:24Z,v1.3.0-post,build_boot_seq_server,5,3,210
2026-04-26T11:53:24Z,v1.3.0-post,build_boot_seq_minimal,5,2,215
2026-04-26T11:53:24Z,v1.3.0-post,build_boot_seq_edge,5,3,210
2026-04-26T11:53:24Z,v1.3.0-post,init_new_desktop,26,23,126
2026-04-26T11:53:24Z,v1.3.0-post,init_new_minimal,17,13,229
2026-04-26T11:53:24Z,v1.3.0-post,init_new_edge,18,14,143
2026-04-26T11:53:24Z,v1.3.0-post,resolve_order_chain_10,12,8,108
2026-04-26T11:53:24Z,v1.3.0-post,resolve_order_chain_50,88,78,206
2026-04-26T11:53:24Z,v1.3.0-post,resolve_order_chain_100,208,190,350
2026-04-26T11:53:24Z,v1.3.0-post,resolve_waves_desktop,14,11,128
2026-04-26T11:53:24Z,v1.3.0-post,plan_shutdown_reboot,21,17,172
2026-04-26T11:53:24Z,v1.3.0-post,health_tracker_record,1,,12
2026-04-26T11:53:24Z,v1.3.0-post,health_history_record,1,,14
2026-04-26T11:53:24Z,v1.3.0-post,state_transition_check,1,,9
2026-04-26T11:53:24Z,v1.3.0-post,backoff_delay_compute,1,,9
2026-04-26T11:53:24Z,v1.3.0-post,generate_unit,6,4,465
2026-04-26T11:53:24Z,v1.3.0-post,on_service_crash,1,,17
2026-04-26T11:53:24Z,v1.3.0-post,resolve_order_desktop,11,8,95
2026-04-26T11:53:24Z,v1.3.0-post,resolve_waves_chain_20,58,55,133
2026-04-26T11:53:24Z,v1.3.0-post,resolve_waves_wide_20,14,11,108
2026-04-26T11:53:24Z,v1.3.0-post,plan_shutdown_poweroff,21,17,125
2026-04-26T11:53:24Z,v1.3.0-post,configure_readonly_rootfs,3,1,80
2026-04-26T11:53:24Z,v1.3.0-post,verify_rootfs_integrity,2,1,80
2026-04-26T11:53:24Z,v1.3.0-post,stats_desktop,2,,11
2026-04-26T11:53:24Z,v1.3.0-post,generate_tmpfile_cmds_20,14,12,116
2026-04-26T11:53:24Z,v1.3.0-post,plan_runlevel_switch,8,6,108
2026-04-26T11:53:24Z,v1.3.0-post,mark_all_steps_complete,78,72,282
2026-04-26T11:53:24Z,v1.3.0-post,audit_log_record,7,5,46
2026-04-26T11:53:24Z,v1.3.0-post,build_boot_seq_desktop,5,3,217
2026-04-26T11:53:24Z,v1.3.0-post,build_boot_seq_server,5,3,210
2026-04-26T11:53:24Z,v1.3.0-post,build_boot_seq_minimal,5,2,215
2026-04-26T11:53:24Z,v1.3.0-post,build_boot_seq_edge,5,3,210
2026-04-26T11:53:24Z,v1.3.0-post,init_new_desktop,26,23,126
2026-04-26T11:53:24Z,v1.3.0-post,init_new_minimal,17,13,229
2026-04-26T11:53:24Z,v1.3.0-post,init_new_edge,18,14,143
2026-04-26T11:53:24Z,v1.3.0-post,resolve_order_chain_10,12,8,108
2026-04-26T11:53:24Z,v1.3.0-post,resolve_order_chain_50,88,78,206
2026-04-26T11:53:24Z,v1.3.0-post,resolve_order_chain_100,208,190,350
2026-04-26T11:53:24Z,v1.3.0-post,resolve_waves_desktop,14,11,128
2026-04-26T11:53:24Z,v1.3.0-post,plan_shutdown_reboot,21,17,172
2026-04-26T11:53:24Z,v1.3.0-post,health_tracker_record,1,,12
2026-04-26T11:53:24Z,v1.3.0-post,health_history_record,1,,14
2026-04-26T11:53:24Z,v1.3.0-post,state_transition_check,1,,9
2026-04-26T11:53:24Z,v1.3.0-post,backoff_delay_compute,1,,9
2026-04-26T11:53:24Z,v1.3.0-post,generate_unit,6,4,465
2026-04-26T11:53:24Z,v1.3.0-post,on_service_crash,1,,17
2026-04-26T11:53:24Z,v1.3.0-post,resolve_order_desktop,11,8,95
2026-04-26T11:53:24Z,v1.3.0-post,resolve_waves_chain_20,58,55,133
2026-04-26T11:53:24Z,v1.3.0-post,resolve_waves_wide_20,14,11,108
2026-04-26T11:53:24Z,v1.3.0-post,plan_shutdown_poweroff,21,17,125
2026-04-26T11:53:24Z,v1.3.0-post,configure_readonly_rootfs,3,1,80
2026-04-26T11:53:24Z,v1.3.0-post,verify_rootfs_integrity,2,1,80
2026-04-26T11:53:24Z,v1.3.0-post,stats_desktop,2,,11
2026-04-26T11:53:24Z,v1.3.0-post,generate_tmpfile_cmds_20,14,12,116
2026-04-26T11:53:24Z,v1.3.0-post,plan_runlevel_switch,8,6,108
2026-04-26T11:53:24Z,v1.3.0-post,mark_all_steps_complete,78,72,282
2026-04-26T11:53:24Z,v1.3.0-post,audit_log_record,7,5,46
2026-04-26T11:59:16Z,v1.4.0-pre-audit,build_boot_seq_desktop,5,3,271
2026-04-26T11:59:16Z,v1.4.0-pre-audit,build_boot_seq_server,5,3,220
2026-04-26T11:59:16Z,v1.4.0-pre-audit,build_boot_seq_minimal,5,3,226
2026-04-26T11:59:16Z,v1.4.0-pre-audit,build_boot_seq_edge,5,3,223
2026-04-26T11:59:16Z,v1.4.0-pre-audit,init_new_desktop,27,23,253
2026-04-26T11:59:16Z,v1.4.0-pre-audit,init_new_minimal,17,14,224
2026-04-26T11:59:16Z,v1.4.0-pre-audit,init_new_edge,17,14,142
2026-04-26T11:59:16Z,v1.4.0-pre-audit,resolve_order_chain_10,11,8,152
2026-04-26T11:59:16Z,v1.4.0-pre-audit,resolve_order_chain_50,82,77,211
2026-04-26T11:59:16Z,v1.4.0-pre-audit,resolve_order_chain_100,201,191,333
2026-04-26T11:59:16Z,v1.4.0-pre-audit,resolve_waves_desktop,14,11,150
2026-04-26T11:59:16Z,v1.4.0-pre-audit,plan_shutdown_reboot,22,18,158
2026-04-26T11:59:16Z,v1.4.0-pre-audit,health_tracker_record,1,,19
2026-04-26T11:59:16Z,v1.4.0-pre-audit,health_history_record,1,,13
2026-04-26T11:59:16Z,v1.4.0-pre-audit,state_transition_check,1,,9
2026-04-26T11:59:16Z,v1.4.0-pre-audit,backoff_delay_compute,1,,11
2026-04-26T11:59:16Z,v1.4.0-pre-audit,generate_unit,6,4,476
2026-04-26T11:59:16Z,v1.4.0-pre-audit,on_service_crash,1,,15
2026-04-26T11:59:16Z,v1.4.0-pre-audit,resolve_order_desktop,11,8,146
2026-04-26T11:59:16Z,v1.4.0-pre-audit,resolve_waves_chain_20,59,56,191
2026-04-26T11:59:16Z,v1.4.0-pre-audit,resolve_waves_wide_20,14,11,150
2026-04-26T11:59:16Z,v1.4.0-pre-audit,plan_shutdown_poweroff,22,17,162
2026-04-26T11:59:16Z,v1.4.0-pre-audit,configure_readonly_rootfs,3,1,94
2026-04-26T11:59:16Z,v1.4.0-pre-audit,verify_rootfs_integrity,2,,95
2026-04-26T11:59:16Z,v1.4.0-pre-audit,stats_desktop,2,,12
2026-04-26T11:59:16Z,v1.4.0-pre-audit,generate_tmpfile_cmds_20,15,12,141
2026-04-26T11:59:16Z,v1.4.0-pre-audit,plan_runlevel_switch,9,6,95
2026-04-26T11:59:16Z,v1.4.0-pre-audit,mark_all_steps_complete,79,74,164
2026-04-26T11:59:16Z,v1.4.0-pre-audit,audit_log_record,7,5,53
2026-04-26T11:59:16Z,v1.4.0-pre-audit,build_boot_seq_desktop,5,3,271
2026-04-26T11:59:16Z,v1.4.0-pre-audit,build_boot_seq_server,5,3,220
2026-04-26T11:59:16Z,v1.4.0-pre-audit,build_boot_seq_minimal,5,3,226
2026-04-26T11:59:16Z,v1.4.0-pre-audit,build_boot_seq_edge,5,3,223
2026-04-26T11:59:16Z,v1.4.0-pre-audit,init_new_desktop,27,23,253
2026-04-26T11:59:16Z,v1.4.0-pre-audit,init_new_minimal,17,14,224
2026-04-26T11:59:16Z,v1.4.0-pre-audit,init_new_edge,17,14,142
2026-04-26T11:59:16Z,v1.4.0-pre-audit,resolve_order_chain_10,11,8,152
2026-04-26T11:59:16Z,v1.4.0-pre-audit,resolve_order_chain_50,82,77,211
2026-04-26T11:59:16Z,v1.4.0-pre-audit,resolve_order_chain_100,201,191,333
2026-04-26T11:59:16Z,v1.4.0-pre-audit,resolve_waves_desktop,14,11,150
2026-04-26T11:59:16Z,v1.4.0-pre-audit,plan_shutdown_reboot,22,18,158
2026-04-26T11:59:16Z,v1.4.0-pre-audit,health_tracker_record,1,,19
2026-04-26T11:59:16Z,v1.4.0-pre-audit,health_history_record,1,,13
2026-04-26T11:59:16Z,v1.4.0-pre-audit,state_transition_check,1,,9
2026-04-26T11:59:16Z,v1.4.0-pre-audit,backoff_delay_compute,1,,11
2026-04-26T11:59:16Z,v1.4.0-pre-audit,generate_unit,6,4,476
2026-04-26T11:59:16Z,v1.4.0-pre-audit,on_service_crash,1,,15
2026-04-26T11:59:16Z,v1.4.0-pre-audit,resolve_order_desktop,11,8,146
2026-04-26T11:59:16Z,v1.4.0-pre-audit,resolve_waves_chain_20,59,56,191
2026-04-26T11:59:16Z,v1.4.0-pre-audit,resolve_waves_wide_20,14,11,150
2026-04-26T11:59:16Z,v1.4.0-pre-audit,plan_shutdown_poweroff,22,17,162
2026-04-26T11:59:16Z,v1.4.0-pre-audit,configure_readonly_rootfs,3,1,94
2026-04-26T11:59:16Z,v1.4.0-pre-audit,verify_rootfs_integrity,2,,95
2026-04-26T11:59:16Z,v1.4.0-pre-audit,stats_desktop,2,,12
2026-04-26T11:59:16Z,v1.4.0-pre-audit,generate_tmpfile_cmds_20,15,12,141
2026-04-26T11:59:16Z,v1.4.0-pre-audit,plan_runlevel_switch,9,6,95
2026-04-26T11:59:16Z,v1.4.0-pre-audit,mark_all_steps_complete,79,74,164
2026-04-26T11:59:16Z,v1.4.0-pre-audit,audit_log_record,7,5,53
2026-04-26T12:12:26Z,v1.4.0-post-audit,build_boot_seq_desktop,5,3,215
2026-04-26T12:12:26Z,v1.4.0-post-audit,build_boot_seq_server,5,3,249
2026-04-26T12:12:26Z,v1.4.0-post-audit,build_boot_seq_minimal,5,3,216
2026-04-26T12:12:26Z,v1.4.0-post-audit,build_boot_seq_edge,4,3,222
2026-04-26T12:12:26Z,v1.4.0-post-audit,init_new_desktop,26,23,157
2026-04-26T12:12:26Z,v1.4.0-post-audit,init_new_minimal,16,14,147
2026-04-26T12:12:26Z,v1.4.0-post-audit,init_new_edge,17,14,152
2026-04-26T12:12:26Z,v1.4.0-post-audit,resolve_order_chain_10,10,8,157
2026-04-26T12:12:26Z,v1.4.0-post-audit,resolve_order_chain_50,83,78,917
2026-04-26T12:12:26Z,v1.4.0-post-audit,resolve_order_chain_100,201,192,329
2026-04-26T12:12:26Z,v1.4.0-post-audit,resolve_waves_desktop,13,11,150
2026-04-26T12:12:26Z,v1.4.0-post-audit,plan_shutdown_reboot,20,18,159
2026-04-26T12:12:26Z,v1.4.0-post-audit,health_tracker_record,1,,9
2026-04-26T12:12:26Z,v1.4.0-post-audit,health_history_record,1,,9
2026-04-26T12:12:26Z,v1.4.0-post-audit,state_transition_check,1,,10
2026-04-26T12:12:26Z,v1.4.0-post-audit,backoff_delay_compute,1,,9
2026-04-26T12:12:26Z,v1.4.0-post-audit,generate_unit,6,3,14
2026-04-26T12:12:26Z,v1.4.0-post-audit,on_service_crash,1,,130
2026-04-26T12:12:26Z,v1.4.0-post-audit,resolve_order_desktop,10,8,146
2026-04-26T12:12:26Z,v1.4.0-post-audit,resolve_waves_chain_20,58,56,195
2026-04-26T12:12:26Z,v1.4.0-post-audit,resolve_waves_wide_20,14,11,159
2026-04-26T12:12:26Z,v1.4.0-post-audit,plan_shutdown_poweroff,20,17,148
2026-04-26T12:12:26Z,v1.4.0-post-audit,configure_readonly_rootfs,3,1,93
2026-04-26T12:12:26Z,v1.4.0-post-audit,verify_rootfs_integrity,2,1,91
2026-04-26T12:12:26Z,v1.4.0-post-audit,stats_desktop,2,1,16
2026-04-26T12:12:26Z,v1.4.0-post-audit,generate_tmpfile_cmds_20,14,11,154
2026-04-26T12:12:26Z,v1.4.0-post-audit,plan_runlevel_switch,8,6,97
2026-04-26T12:12:26Z,v1.4.0-post-audit,mark_all_steps_complete,76,73,173
2026-04-26T12:12:26Z,v1.4.0-post-audit,audit_log_record,7,5,98
2026-04-26T12:12:26Z,v1.4.0-post-audit,build_boot_seq_desktop,5,3,215
2026-04-26T12:12:26Z,v1.4.0-post-audit,build_boot_seq_server,5,3,249
2026-04-26T12:12:26Z,v1.4.0-post-audit,build_boot_seq_minimal,5,3,216
2026-04-26T12:12:26Z,v1.4.0-post-audit,build_boot_seq_edge,4,3,222
2026-04-26T12:12:26Z,v1.4.0-post-audit,init_new_desktop,26,23,157
2026-04-26T12:12:26Z,v1.4.0-post-audit,init_new_minimal,16,14,147
2026-04-26T12:12:26Z,v1.4.0-post-audit,init_new_edge,17,14,152
2026-04-26T12:12:26Z,v1.4.0-post-audit,resolve_order_chain_10,10,8,157
2026-04-26T12:12:26Z,v1.4.0-post-audit,resolve_order_chain_50,83,78,917
2026-04-26T12:12:26Z,v1.4.0-post-audit,resolve_order_chain_100,201,192,329
2026-04-26T12:12:26Z,v1.4.0-post-audit,resolve_waves_desktop,13,11,150
2026-04-26T12:12:26Z,v1.4.0-post-audit,plan_shutdown_reboot,20,18,159
2026-04-26T12:12:26Z,v1.4.0-post-audit,health_tracker_record,1,,9
2026-04-26T12:12:26Z,v1.4.0-post-audit,health_history_record,1,,9
2026-04-26T12:12:26Z,v1.4.0-post-audit,state_transition_check,1,,10
2026-04-26T12:12:26Z,v1.4.0-post-audit,backoff_delay_compute,1,,9
2026-04-26T12:12:26Z,v1.4.0-post-audit,generate_unit,6,3,14
2026-04-26T12:12:26Z,v1.4.0-post-audit,on_service_crash,1,,130
2026-04-26T12:12:26Z,v1.4.0-post-audit,resolve_order_desktop,10,8,146
2026-04-26T12:12:26Z,v1.4.0-post-audit,resolve_waves_chain_20,58,56,195
2026-04-26T12:12:26Z,v1.4.0-post-audit,resolve_waves_wide_20,14,11,159
2026-04-26T12:12:26Z,v1.4.0-post-audit,plan_shutdown_poweroff,20,17,148
2026-04-26T12:12:26Z,v1.4.0-post-audit,configure_readonly_rootfs,3,1,93
2026-04-26T12:12:26Z,v1.4.0-post-audit,verify_rootfs_integrity,2,1,91
2026-04-26T12:12:26Z,v1.4.0-post-audit,stats_desktop,2,1,16
2026-04-26T12:12:26Z,v1.4.0-post-audit,generate_tmpfile_cmds_20,14,11,154
2026-04-26T12:12:26Z,v1.4.0-post-audit,plan_runlevel_switch,8,6,97
2026-04-26T12:12:26Z,v1.4.0-post-audit,mark_all_steps_complete,76,73,173
2026-04-26T12:12:26Z,v1.4.0-post-audit,audit_log_record,7,5,98
2026-05-11T02:48:57Z,1.5.5-baseline,build_boot_seq_desktop,5,3,222
2026-05-11T02:48:57Z,1.5.5-baseline,build_boot_seq_server,5,3,212
2026-05-11T02:48:57Z,1.5.5-baseline,build_boot_seq_minimal,5,3,127
2026-05-11T02:48:57Z,1.5.5-baseline,build_boot_seq_edge,5,2,132
2026-05-11T02:48:57Z,1.5.5-baseline,init_new_desktop,36,22,
2026-05-11T02:48:57Z,1.5.5-baseline,init_new_minimal,13,11,96
2026-05-11T02:48:57Z,1.5.5-baseline,init_new_edge,14,11,131
2026-05-11T02:48:57Z,1.5.5-baseline,resolve_order_chain_10,12,9,133
2026-05-11T02:48:57Z,1.5.5-baseline,resolve_order_chain_50,93,81,180
2026-05-11T02:48:57Z,1.5.5-baseline,resolve_order_chain_100,209,197,305
2026-05-11T02:48:57Z,1.5.5-baseline,resolve_waves_desktop,15,12,111
2026-05-11T02:48:57Z,1.5.5-baseline,plan_shutdown_reboot,18,14,103
2026-05-11T02:48:57Z,1.5.5-baseline,health_tracker_record,1,,12
2026-05-11T02:48:57Z,1.5.5-baseline,health_history_record,1,,16
2026-05-11T02:48:57Z,1.5.5-baseline,state_transition_check,1,,13
2026-05-11T02:48:57Z,1.5.5-baseline,backoff_delay_compute,1,,11
2026-05-11T02:48:57Z,1.5.5-baseline,generate_unit,7,5,29
2026-05-11T02:48:57Z,1.5.5-baseline,on_service_crash,1,,11
2026-05-11T02:48:57Z,1.5.5-baseline,resolve_order_desktop,12,9,142
2026-05-11T02:48:57Z,1.5.5-baseline,resolve_waves_chain_20,65,59,149
2026-05-11T02:48:57Z,1.5.5-baseline,resolve_waves_wide_20,15,12,124
2026-05-11T02:48:57Z,1.5.5-baseline,plan_shutdown_poweroff,18,15,109
2026-05-11T02:48:57Z,1.5.5-baseline,configure_readonly_rootfs,4,2,97
2026-05-11T02:48:57Z,1.5.5-baseline,verify_rootfs_integrity,3,1,15
2026-05-11T02:48:57Z,1.5.5-baseline,stats_desktop,2,1,89
2026-05-11T02:48:57Z,1.5.5-baseline,generate_tmpfile_cmds_20,20,17,130
2026-05-11T02:48:57Z,1.5.5-baseline,plan_runlevel_switch,8,6,95
2026-05-11T02:48:57Z,1.5.5-baseline,mark_all_steps_complete,70,61,185
2026-05-11T02:48:57Z,1.5.5-baseline,audit_log_record,8,5,129
2026-05-11T02:48:57Z,1.5.5-baseline,build_boot_seq_desktop,5,3,222
2026-05-11T02:48:57Z,1.5.5-baseline,build_boot_seq_server,5,3,212
2026-05-11T02:48:57Z,1.5.5-baseline,build_boot_seq_minimal,5,3,127
2026-05-11T02:48:57Z,1.5.5-baseline,build_boot_seq_edge,5,2,132
2026-05-11T02:48:57Z,1.5.5-baseline,init_new_desktop,36,22,
2026-05-11T02:48:57Z,1.5.5-baseline,init_new_minimal,13,11,96
2026-05-11T02:48:57Z,1.5.5-baseline,init_new_edge,14,11,131
2026-05-11T02:48:57Z,1.5.5-baseline,resolve_order_chain_10,12,9,133
2026-05-11T02:48:57Z,1.5.5-baseline,resolve_order_chain_50,93,81,180
2026-05-11T02:48:57Z,1.5.5-baseline,resolve_order_chain_100,209,197,305
2026-05-11T02:48:57Z,1.5.5-baseline,resolve_waves_desktop,15,12,111
2026-05-11T02:48:57Z,1.5.5-baseline,plan_shutdown_reboot,18,14,103
2026-05-11T02:48:57Z,1.5.5-baseline,health_tracker_record,1,,12
2026-05-11T02:48:57Z,1.5.5-baseline,health_history_record,1,,16
2026-05-11T02:48:57Z,1.5.5-baseline,state_transition_check,1,,13
2026-05-11T02:48:57Z,1.5.5-baseline,backoff_delay_compute,1,,11
2026-05-11T02:48:57Z,1.5.5-baseline,generate_unit,7,5,29
2026-05-11T02:48:57Z,1.5.5-baseline,on_service_crash,1,,11
2026-05-11T02:48:57Z,1.5.5-baseline,resolve_order_desktop,12,9,142
2026-05-11T02:48:57Z,1.5.5-baseline,resolve_waves_chain_20,65,59,149
2026-05-11T02:48:57Z,1.5.5-baseline,resolve_waves_wide_20,15,12,124
2026-05-11T02:48:57Z,1.5.5-baseline,plan_shutdown_poweroff,18,15,109
2026-05-11T02:48:57Z,1.5.5-baseline,configure_readonly_rootfs,4,2,97
2026-05-11T02:48:57Z,1.5.5-baseline,verify_rootfs_integrity,3,1,15
2026-05-11T02:48:57Z,1.5.5-baseline,stats_desktop,2,1,89
2026-05-11T02:48:57Z,1.5.5-baseline,generate_tmpfile_cmds_20,20,17,130
2026-05-11T02:48:57Z,1.5.5-baseline,plan_runlevel_switch,8,6,95
2026-05-11T02:48:57Z,1.5.5-baseline,mark_all_steps_complete,70,61,185
2026-05-11T02:48:57Z,1.5.5-baseline,audit_log_record,8,5,129
2026-05-11T02:56:43Z,1.5.5-post-audit,build_boot_seq_desktop,5,3,224
2026-05-11T02:56:43Z,1.5.5-post-audit,build_boot_seq_server,5,3,137
2026-05-11T02:56:43Z,1.5.5-post-audit,build_boot_seq_minimal,5,3,149
2026-05-11T02:56:43Z,1.5.5-post-audit,build_boot_seq_edge,5,3,131
2026-05-11T02:56:43Z,1.5.5-post-audit,init_new_desktop,36,22,
2026-05-11T02:56:43Z,1.5.5-post-audit,init_new_minimal,13,10,95
2026-05-11T02:56:43Z,1.5.5-post-audit,init_new_edge,13,11,95
2026-05-11T02:56:43Z,1.5.5-post-audit,resolve_order_chain_10,12,9,146
2026-05-11T02:56:43Z,1.5.5-post-audit,resolve_order_chain_50,92,82,180
2026-05-11T02:56:43Z,1.5.5-post-audit,resolve_order_chain_100,221,199,324
2026-05-11T02:56:43Z,1.5.5-post-audit,resolve_waves_desktop,15,12,108
2026-05-11T02:56:43Z,1.5.5-post-audit,plan_shutdown_reboot,18,15,102
2026-05-11T02:56:43Z,1.5.5-post-audit,health_tracker_record,1,,11
2026-05-11T02:56:43Z,1.5.5-post-audit,health_history_record,1,,41
2026-05-11T02:56:43Z,1.5.5-post-audit,state_transition_check,1,,11
2026-05-11T02:56:43Z,1.5.5-post-audit,backoff_delay_compute,1,,11
2026-05-11T02:56:43Z,1.5.5-post-audit,generate_unit,7,5,162
2026-05-11T02:56:43Z,1.5.5-post-audit,on_service_crash,1,,17
2026-05-11T02:56:43Z,1.5.5-post-audit,resolve_order_desktop,12,9,110
2026-05-11T02:56:43Z,1.5.5-post-audit,resolve_waves_chain_20,66,59,172
2026-05-11T02:56:43Z,1.5.5-post-audit,resolve_waves_wide_20,15,12,124
2026-05-11T02:56:43Z,1.5.5-post-audit,plan_shutdown_poweroff,18,14,106
2026-05-11T02:56:43Z,1.5.5-post-audit,configure_readonly_rootfs,4,2,97
2026-05-11T02:56:43Z,1.5.5-post-audit,verify_rootfs_integrity,3,1,18
2026-05-11T02:56:43Z,1.5.5-post-audit,stats_desktop,2,1,95
2026-05-11T02:56:43Z,1.5.5-post-audit,generate_tmpfile_cmds_20,20,17,141
2026-05-11T02:56:43Z,1.5.5-post-audit,plan_runlevel_switch,7,6,105
2026-05-11T02:56:43Z,1.5.5-post-audit,mark_all_steps_complete,78,61,210
2026-05-11T02:56:43Z,1.5.5-post-audit,audit_log_record,8,5,49
2026-05-11T02:56:43Z,1.5.5-post-audit,build_boot_seq_desktop,5,3,224
2026-05-11T02:56:43Z,1.5.5-post-audit,build_boot_seq_server,5,3,137
2026-05-11T02:56:43Z,1.5.5-post-audit,build_boot_seq_minimal,5,3,149
2026-05-11T02:56:43Z,1.5.5-post-audit,build_boot_seq_edge,5,3,131
2026-05-11T02:56:43Z,1.5.5-post-audit,init_new_desktop,36,22,
2026-05-11T02:56:43Z,1.5.5-post-audit,init_new_minimal,13,10,95
2026-05-11T02:56:43Z,1.5.5-post-audit,init_new_edge,13,11,95
2026-05-11T02:56:43Z,1.5.5-post-audit,resolve_order_chain_10,12,9,146
2026-05-11T02:56:43Z,1.5.5-post-audit,resolve_order_chain_50,92,82,180
2026-05-11T02:56:43Z,1.5.5-post-audit,resolve_order_chain_100,221,199,324
2026-05-11T02:56:43Z,1.5.5-post-audit,resolve_waves_desktop,15,12,108
2026-05-11T02:56:43Z,1.5.5-post-audit,plan_shutdown_reboot,18,15,102
2026-05-11T02:56:43Z,1.5.5-post-audit,health_tracker_record,1,,11
2026-05-11T02:56:43Z,1.5.5-post-audit,health_history_record,1,,41
2026-05-11T02:56:43Z,1.5.5-post-audit,state_transition_check,1,,11
2026-05-11T02:56:43Z,1.5.5-post-audit,backoff_delay_compute,1,,11
2026-05-11T02:56:43Z,1.5.5-post-audit,generate_unit,7,5,162
2026-05-11T02:56:43Z,1.5.5-post-audit,on_service_crash,1,,17
2026-05-11T02:56:43Z,1.5.5-post-audit,resolve_order_desktop,12,9,110
2026-05-11T02:56:43Z,1.5.5-post-audit,resolve_waves_chain_20,66,59,172
2026-05-11T02:56:43Z,1.5.5-post-audit,resolve_waves_wide_20,15,12,124
2026-05-11T02:56:43Z,1.5.5-post-audit,plan_shutdown_poweroff,18,14,106
2026-05-11T02:56:43Z,1.5.5-post-audit,configure_readonly_rootfs,4,2,97
2026-05-11T02:56:43Z,1.5.5-post-audit,verify_rootfs_integrity,3,1,18
2026-05-11T02:56:43Z,1.5.5-post-audit,stats_desktop,2,1,95
2026-05-11T02:56:43Z,1.5.5-post-audit,generate_tmpfile_cmds_20,20,17,141
2026-05-11T02:56:43Z,1.5.5-post-audit,plan_runlevel_switch,7,6,105
2026-05-11T02:56:43Z,1.5.5-post-audit,mark_all_steps_complete,78,61,210
2026-05-11T02:56:43Z,1.5.5-post-audit,audit_log_record,8,5,49
2026-05-11T04:34:38Z,1.6.3-baseline,build_boot_seq_desktop,5,3,218
2026-05-11T04:34:38Z,1.6.3-baseline,build_boot_seq_server,5,3,198
2026-05-11T04:34:38Z,1.6.3-baseline,build_boot_seq_minimal,5,3,139
2026-05-11T04:34:38Z,1.6.3-baseline,build_boot_seq_edge,5,3,131
2026-05-11T04:34:38Z,1.6.3-baseline,init_new_desktop,36,22,
2026-05-11T04:34:38Z,1.6.3-baseline,init_new_minimal,14,11,129
2026-05-11T04:34:38Z,1.6.3-baseline,init_new_edge,14,11,100
2026-05-11T04:34:38Z,1.6.3-baseline,resolve_order_chain_10,12,9,113
2026-05-11T04:34:38Z,1.6.3-baseline,resolve_order_chain_50,87,82,112
2026-05-11T04:34:38Z,1.6.3-baseline,resolve_order_chain_100,216,199,297
2026-05-11T04:34:38Z,1.6.3-baseline,resolve_waves_desktop,15,12,108
2026-05-11T04:34:38Z,1.6.3-baseline,plan_shutdown_reboot,18,14,123
2026-05-11T04:34:38Z,1.6.3-baseline,health_tracker_record,1,,16
2026-05-11T04:34:38Z,1.6.3-baseline,health_history_record,1,,12
2026-05-11T04:34:38Z,1.6.3-baseline,state_transition_check,1,,21
2026-05-11T04:34:38Z,1.6.3-baseline,backoff_delay_compute,1,,33
2026-05-11T04:34:38Z,1.6.3-baseline,generate_unit,7,5,94
2026-05-11T04:34:38Z,1.6.3-baseline,on_service_crash,1,,24
2026-05-11T04:34:38Z,1.6.3-baseline,resolve_order_desktop,12,9,92
2026-05-11T04:34:38Z,1.6.3-baseline,resolve_waves_chain_20,66,60,201
2026-05-11T04:34:38Z,1.6.3-baseline,resolve_waves_wide_20,15,12,108
2026-05-11T04:34:38Z,1.6.3-baseline,plan_shutdown_poweroff,18,14,101
2026-05-11T04:34:38Z,1.6.3-baseline,configure_readonly_rootfs,4,2,91
2026-05-11T04:34:38Z,1.6.3-baseline,verify_rootfs_integrity,3,1,89
2026-05-11T04:34:38Z,1.6.3-baseline,stats_desktop,2,1,14
2026-05-11T04:34:38Z,1.6.3-baseline,generate_tmpfile_cmds_20,20,17,120
2026-05-11T04:34:38Z,1.6.3-baseline,plan_runlevel_switch,7,6,104
2026-05-11T04:34:38Z,1.6.3-baseline,mark_all_steps_complete,74,61,765
2026-05-11T04:34:38Z,1.6.3-baseline,audit_log_record,8,5,100
2026-05-11T04:34:38Z,1.6.3-baseline,build_boot_seq_desktop,5,3,218
2026-05-11T04:34:38Z,1.6.3-baseline,build_boot_seq_server,5,3,198
2026-05-11T04:34:38Z,1.6.3-baseline,build_boot_seq_minimal,5,3,139
2026-05-11T04:34:38Z,1.6.3-baseline,build_boot_seq_edge,5,3,131
2026-05-11T04:34:38Z,1.6.3-baseline,init_new_desktop,36,22,
2026-05-11T04:34:38Z,1.6.3-baseline,init_new_minimal,14,11,129
2026-05-11T04:34:38Z,1.6.3-baseline,init_new_edge,14,11,100
2026-05-11T04:34:38Z,1.6.3-baseline,resolve_order_chain_10,12,9,113
2026-05-11T04:34:38Z,1.6.3-baseline,resolve_order_chain_50,87,82,112
2026-05-11T04:34:38Z,1.6.3-baseline,resolve_order_chain_100,216,199,297
2026-05-11T04:34:38Z,1.6.3-baseline,resolve_waves_desktop,15,12,108
2026-05-11T04:34:38Z,1.6.3-baseline,plan_shutdown_reboot,18,14,123
2026-05-11T04:34:38Z,1.6.3-baseline,health_tracker_record,1,,16
2026-05-11T04:34:38Z,1.6.3-baseline,health_history_record,1,,12
2026-05-11T04:34:38Z,1.6.3-baseline,state_transition_check,1,,21
2026-05-11T04:34:38Z,1.6.3-baseline,backoff_delay_compute,1,,33
2026-05-11T04:34:38Z,1.6.3-baseline,generate_unit,7,5,94
2026-05-11T04:34:38Z,1.6.3-baseline,on_service_crash,1,,24
2026-05-11T04:34:38Z,1.6.3-baseline,resolve_order_desktop,12,9,92
2026-05-11T04:34:38Z,1.6.3-baseline,resolve_waves_chain_20,66,60,201
2026-05-11T04:34:38Z,1.6.3-baseline,resolve_waves_wide_20,15,12,108
2026-05-11T04:34:38Z,1.6.3-baseline,plan_shutdown_poweroff,18,14,101
2026-05-11T04:34:38Z,1.6.3-baseline,configure_readonly_rootfs,4,2,91
2026-05-11T04:34:38Z,1.6.3-baseline,verify_rootfs_integrity,3,1,89
2026-05-11T04:34:38Z,1.6.3-baseline,stats_desktop,2,1,14
2026-05-11T04:34:38Z,1.6.3-baseline,generate_tmpfile_cmds_20,20,17,120
2026-05-11T04:34:38Z,1.6.3-baseline,plan_runlevel_switch,7,6,104
2026-05-11T04:34:38Z,1.6.3-baseline,mark_all_steps_complete,74,61,765
2026-05-11T04:34:38Z,1.6.3-baseline,audit_log_record,8,5,100
2026-05-11T04:39:31Z,1.6.3-post-audit,build_boot_seq_desktop,5,3,220
2026-05-11T04:39:31Z,1.6.3-post-audit,build_boot_seq_server,5,3,223
2026-05-11T04:39:31Z,1.6.3-post-audit,build_boot_seq_minimal,5,3,141
2026-05-11T04:39:31Z,1.6.3-post-audit,build_boot_seq_edge,5,3,134
2026-05-11T04:39:31Z,1.6.3-post-audit,init_new_desktop,36,22,
2026-05-11T04:39:31Z,1.6.3-post-audit,init_new_minimal,13,10,129
2026-05-11T04:39:31Z,1.6.3-post-audit,init_new_edge,13,11,95
2026-05-11T04:39:31Z,1.6.3-post-audit,resolve_order_chain_10,12,9,125
2026-05-11T04:39:31Z,1.6.3-post-audit,resolve_order_chain_50,92,81,183
2026-05-11T04:39:31Z,1.6.3-post-audit,resolve_order_chain_100,217,198,325
2026-05-11T04:39:31Z,1.6.3-post-audit,resolve_waves_desktop,15,12,140
2026-05-11T04:39:31Z,1.6.3-post-audit,plan_shutdown_reboot,18,15,134
2026-05-11T04:39:31Z,1.6.3-post-audit,health_tracker_record,1,,15
2026-05-11T04:39:31Z,1.6.3-post-audit,health_history_record,1,,18
2026-05-11T04:39:31Z,1.6.3-post-audit,state_transition_check,1,,11
2026-05-11T04:39:31Z,1.6.3-post-audit,backoff_delay_compute,1,,15
2026-05-11T04:39:31Z,1.6.3-post-audit,generate_unit,7,4,32
2026-05-11T04:39:31Z,1.6.3-post-audit,on_service_crash,1,,18
2026-05-11T04:39:31Z,1.6.3-post-audit,resolve_order_desktop,12,9,102
2026-05-11T04:39:31Z,1.6.3-post-audit,resolve_waves_chain_20,65,59,156
2026-05-11T04:39:31Z,1.6.3-post-audit,resolve_waves_wide_20,15,12,137
2026-05-11T04:39:31Z,1.6.3-post-audit,plan_shutdown_poweroff,17,14,92
2026-05-11T04:39:31Z,1.6.3-post-audit,configure_readonly_rootfs,4,2,88
2026-05-11T04:39:31Z,1.6.3-post-audit,verify_rootfs_integrity,3,1,51
2026-05-11T04:39:31Z,1.6.3-post-audit,stats_desktop,2,1,33
2026-05-11T04:39:31Z,1.6.3-post-audit,generate_tmpfile_cmds_20,20,18,167
2026-05-11T04:39:31Z,1.6.3-post-audit,plan_runlevel_switch,9,5,98
2026-05-11T04:39:31Z,1.6.3-post-audit,mark_all_steps_complete,70,62,114
2026-05-11T04:39:31Z,1.6.3-post-audit,audit_log_record,8,5,99
2026-05-11T04:39:31Z,1.6.3-post-audit,build_boot_seq_desktop,5,3,220
2026-05-11T04:39:31Z,1.6.3-post-audit,build_boot_seq_server,5,3,223
2026-05-11T04:39:31Z,1.6.3-post-audit,build_boot_seq_minimal,5,3,141
2026-05-11T04:39:31Z,1.6.3-post-audit,build_boot_seq_edge,5,3,134
2026-05-11T04:39:31Z,1.6.3-post-audit,init_new_desktop,36,22,
2026-05-11T04:39:31Z,1.6.3-post-audit,init_new_minimal,13,10,129
2026-05-11T04:39:31Z,1.6.3-post-audit,init_new_edge,13,11,95
2026-05-11T04:39:31Z,1.6.3-post-audit,resolve_order_chain_10,12,9,125
2026-05-11T04:39:31Z,1.6.3-post-audit,resolve_order_chain_50,92,81,183
2026-05-11T04:39:31Z,1.6.3-post-audit,resolve_order_chain_100,217,198,325
2026-05-11T04:39:31Z,1.6.3-post-audit,resolve_waves_desktop,15,12,140
2026-05-11T04:39:31Z,1.6.3-post-audit,plan_shutdown_reboot,18,15,134
2026-05-11T04:39:31Z,1.6.3-post-audit,health_tracker_record,1,,15
2026-05-11T04:39:31Z,1.6.3-post-audit,health_history_record,1,,18
2026-05-11T04:39:31Z,1.6.3-post-audit,state_transition_check,1,,11
2026-05-11T04:39:31Z,1.6.3-post-audit,backoff_delay_compute,1,,15
2026-05-11T04:39:31Z,1.6.3-post-audit,generate_unit,7,4,32
2026-05-11T04:39:31Z,1.6.3-post-audit,on_service_crash,1,,18
2026-05-11T04:39:31Z,1.6.3-post-audit,resolve_order_desktop,12,9,102
2026-05-11T04:39:31Z,1.6.3-post-audit,resolve_waves_chain_20,65,59,156
2026-05-11T04:39:31Z,1.6.3-post-audit,resolve_waves_wide_20,15,12,137
2026-05-11T04:39:31Z,1.6.3-post-audit,plan_shutdown_poweroff,17,14,92
2026-05-11T04:39:31Z,1.6.3-post-audit,configure_readonly_rootfs,4,2,88
2026-05-11T04:39:31Z,1.6.3-post-audit,verify_rootfs_integrity,3,1,51
2026-05-11T04:39:31Z,1.6.3-post-audit,stats_desktop,2,1,33
2026-05-11T04:39:31Z,1.6.3-post-audit,generate_tmpfile_cmds_20,20,18,167
2026-05-11T04:39:31Z,1.6.3-post-audit,plan_runlevel_switch,9,5,98
2026-05-11T04:39:31Z,1.6.3-post-audit,mark_all_steps_complete,70,62,114
2026-05-11T04:39:31Z,1.6.3-post-audit,audit_log_record,8,5,99
2026-05-21T18:29:39Z,1.7.1-toolchain-bump,build_boot_seq_desktop,5,3,95
2026-05-21T18:29:39Z,1.7.1-toolchain-bump,build_boot_seq_server,5,3,124
2026-05-21T18:29:39Z,1.7.1-toolchain-bump,build_boot_seq_minimal,5,3,122
2026-05-21T18:29:39Z,1.7.1-toolchain-bump,build_boot_seq_edge,5,3,93
2026-05-21T18:29:39Z,1.7.1-toolchain-bump,init_new_desktop,35,21,
2026-05-21T18:29:39Z,1.7.1-toolchain-bump,init_new_minimal,13,11,24
2026-05-21T18:29:39Z,1.7.1-toolchain-bump,init_new_edge,13,10,53
2026-05-21T18:29:39Z,1.7.1-toolchain-bump,resolve_order_chain_10,11,9,69
2026-05-21T18:29:39Z,1.7.1-toolchain-bump,resolve_order_chain_50,84,80,143
2026-05-21T18:29:39Z,1.7.1-toolchain-bump,resolve_order_chain_100,207,197,312
2026-05-21T18:29:39Z,1.7.1-toolchain-bump,resolve_waves_desktop,15,12,62
2026-05-21T18:29:39Z,1.7.1-toolchain-bump,plan_shutdown_reboot,17,14,70
2026-05-21T18:29:39Z,1.7.1-toolchain-bump,health_tracker_record,1,,10
2026-05-21T18:29:39Z,1.7.1-toolchain-bump,health_history_record,1,,10
2026-05-21T18:29:39Z,1.7.1-toolchain-bump,state_transition_check,1,,11
2026-05-21T18:29:39Z,1.7.1-toolchain-bump,backoff_delay_compute,1,,10
2026-05-21T18:29:39Z,1.7.1-toolchain-bump,generate_unit,6,5,60
2026-05-21T18:29:39Z,1.7.1-toolchain-bump,on_service_crash,1,,10
2026-05-21T18:29:39Z,1.7.1-toolchain-bump,resolve_order_desktop,11,9,58
2026-05-21T18:29:39Z,1.7.1-toolchain-bump,resolve_waves_chain_20,62,58,520
2026-05-21T18:29:39Z,1.7.1-toolchain-bump,resolve_waves_wide_20,14,12,59
2026-05-21T18:29:39Z,1.7.1-toolchain-bump,plan_shutdown_poweroff,17,14,68
2026-05-21T18:29:39Z,1.7.1-toolchain-bump,configure_readonly_rootfs,4,2,48
2026-05-21T18:29:39Z,1.7.1-toolchain-bump,verify_rootfs_integrity,3,1,46
2026-05-21T18:29:39Z,1.7.1-toolchain-bump,stats_desktop,2,1,12
2026-05-21T18:29:39Z,1.7.1-toolchain-bump,generate_tmpfile_cmds_20,19,17,83
2026-05-21T18:29:39Z,1.7.1-toolchain-bump,plan_runlevel_switch,7,5,59
2026-05-21T18:29:39Z,1.7.1-toolchain-bump,mark_all_steps_complete,68,61,121
2026-05-21T18:29:39Z,1.7.1-toolchain-bump,audit_log_record,7,5,55
2026-05-21T18:29:39Z,1.7.1-toolchain-bump,build_boot_seq_desktop,5,3,95
2026-05-21T18:29:39Z,1.7.1-toolchain-bump,build_boot_seq_server,5,3,124
2026-05-21T18:29:39Z,1.7.1-toolchain-bump,build_boot_seq_minimal,5,3,122
2026-05-21T18:29:39Z,1.7.1-toolchain-bump,build_boot_seq_edge,5,3,93
2026-05-21T18:29:39Z,1.7.1-toolchain-bump,init_new_desktop,35,21,
2026-05-21T18:29:39Z,1.7.1-toolchain-bump,init_new_minimal,13,11,24
2026-05-21T18:29:39Z,1.7.1-toolchain-bump,init_new_edge,13,10,53
2026-05-21T18:29:39Z,1.7.1-toolchain-bump,resolve_order_chain_10,11,9,69
2026-05-21T18:29:39Z,1.7.1-toolchain-bump,resolve_order_chain_50,84,80,143
2026-05-21T18:29:39Z,1.7.1-toolchain-bump,resolve_order_chain_100,207,197,312
2026-05-21T18:29:39Z,1.7.1-toolchain-bump,resolve_waves_desktop,15,12,62
2026-05-21T18:29:39Z,1.7.1-toolchain-bump,plan_shutdown_reboot,17,14,70
2026-05-21T18:29:39Z,1.7.1-toolchain-bump,health_tracker_record,1,,10
2026-05-21T18:29:39Z,1.7.1-toolchain-bump,health_history_record,1,,10
2026-05-21T18:29:39Z,1.7.1-toolchain-bump,state_transition_check,1,,11
2026-05-21T18:29:39Z,1.7.1-toolchain-bump,backoff_delay_compute,1,,10
2026-05-21T18:29:39Z,1.7.1-toolchain-bump,generate_unit,6,5,60
2026-05-21T18:29:39Z,1.7.1-toolchain-bump,on_service_crash,1,,10
2026-05-21T18:29:39Z,1.7.1-toolchain-bump,resolve_order_desktop,11,9,58
2026-05-21T18:29:39Z,1.7.1-toolchain-bump,resolve_waves_chain_20,62,58,520
2026-05-21T18:29:39Z,1.7.1-toolchain-bump,resolve_waves_wide_20,14,12,59
2026-05-21T18:29:39Z,1.7.1-toolchain-bump,plan_shutdown_poweroff,17,14,68
2026-05-21T18:29:39Z,1.7.1-toolchain-bump,configure_readonly_rootfs,4,2,48
2026-05-21T18:29:39Z,1.7.1-toolchain-bump,verify_rootfs_integrity,3,1,46
2026-05-21T18:29:39Z,1.7.1-toolchain-bump,stats_desktop,2,1,12
2026-05-21T18:29:39Z,1.7.1-toolchain-bump,generate_tmpfile_cmds_20,19,17,83
2026-05-21T18:29:39Z,1.7.1-toolchain-bump,plan_runlevel_switch,7,5,59
2026-05-21T18:29:39Z,1.7.1-toolchain-bump,mark_all_steps_complete,68,61,121
2026-05-21T18:29:39Z,1.7.1-toolchain-bump,audit_log_record,7,5,55
2026-05-28T21:12:36Z,1.7.1-patra-1.10.3,build_boot_seq_desktop,5,3,209
2026-05-28T21:12:36Z,1.7.1-patra-1.10.3,build_boot_seq_server,5,3,109
2026-05-28T21:12:36Z,1.7.1-patra-1.10.3,build_boot_seq_minimal,5,3,108
2026-05-28T21:12:36Z,1.7.1-patra-1.10.3,build_boot_seq_edge,5,3,91
2026-05-28T21:12:36Z,1.7.1-patra-1.10.3,init_new_desktop,36,22,
2026-05-28T21:12:36Z,1.7.1-patra-1.10.3,init_new_minimal,14,12,64
2026-05-28T21:12:36Z,1.7.1-patra-1.10.3,init_new_edge,13,11,56
2026-05-28T21:12:36Z,1.7.1-patra-1.10.3,resolve_order_chain_10,11,9,56
2026-05-28T21:12:36Z,1.7.1-patra-1.10.3,resolve_order_chain_50,86,81,136
2026-05-28T21:12:36Z,1.7.1-patra-1.10.3,resolve_order_chain_100,206,196,245
2026-05-28T21:12:36Z,1.7.1-patra-1.10.3,resolve_waves_desktop,14,12,80
2026-05-28T21:12:36Z,1.7.1-patra-1.10.3,plan_shutdown_reboot,17,14,427
2026-05-28T21:12:36Z,1.7.1-patra-1.10.3,health_tracker_record,1,,11
2026-05-28T21:12:36Z,1.7.1-patra-1.10.3,health_history_record,1,,20
2026-05-28T21:12:36Z,1.7.1-patra-1.10.3,state_transition_check,1,,11
2026-05-28T21:12:36Z,1.7.1-patra-1.10.3,backoff_delay_compute,1,,11
2026-05-28T21:12:36Z,1.7.1-patra-1.10.3,generate_unit,7,5,447
2026-05-28T21:12:36Z,1.7.1-patra-1.10.3,on_service_crash,1,,10
2026-05-28T21:12:36Z,1.7.1-patra-1.10.3,resolve_order_desktop,11,9,56
2026-05-28T21:12:36Z,1.7.1-patra-1.10.3,resolve_waves_chain_20,61,59,109
2026-05-28T21:12:36Z,1.7.1-patra-1.10.3,resolve_waves_wide_20,14,12,78
2026-05-28T21:12:36Z,1.7.1-patra-1.10.3,plan_shutdown_poweroff,17,14,64
2026-05-28T21:12:36Z,1.7.1-patra-1.10.3,configure_readonly_rootfs,4,2,55
2026-05-28T21:12:36Z,1.7.1-patra-1.10.3,verify_rootfs_integrity,3,1,46
2026-05-28T21:12:36Z,1.7.1-patra-1.10.3,stats_desktop,2,1,13
2026-05-28T21:12:36Z,1.7.1-patra-1.10.3,generate_tmpfile_cmds_20,19,17,94
2026-05-28T21:12:36Z,1.7.1-patra-1.10.3,plan_runlevel_switch,7,6,40
2026-05-28T21:12:36Z,1.7.1-patra-1.10.3,mark_all_steps_complete,65,60,124
2026-05-28T21:12:36Z,1.7.1-patra-1.10.3,audit_log_record,7,5,61
2026-05-28T21:12:36Z,1.7.1-patra-1.10.3,build_boot_seq_desktop,5,3,209
2026-05-28T21:12:36Z,1.7.1-patra-1.10.3,build_boot_seq_server,5,3,109
2026-05-28T21:12:36Z,1.7.1-patra-1.10.3,build_boot_seq_minimal,5,3,108
2026-05-28T21:12:36Z,1.7.1-patra-1.10.3,build_boot_seq_edge,5,3,91
2026-05-28T21:12:36Z,1.7.1-patra-1.10.3,init_new_desktop,36,22,
2026-05-28T21:12:36Z,1.7.1-patra-1.10.3,init_new_minimal,14,12,64
2026-05-28T21:12:36Z,1.7.1-patra-1.10.3,init_new_edge,13,11,56
2026-05-28T21:12:36Z,1.7.1-patra-1.10.3,resolve_order_chain_10,11,9,56
2026-05-28T21:12:36Z,1.7.1-patra-1.10.3,resolve_order_chain_50,86,81,136
2026-05-28T21:12:36Z,1.7.1-patra-1.10.3,resolve_order_chain_100,206,196,245
2026-05-28T21:12:36Z,1.7.1-patra-1.10.3,resolve_waves_desktop,14,12,80
2026-05-28T21:12:36Z,1.7.1-patra-1.10.3,plan_shutdown_reboot,17,14,427
2026-05-28T21:12:36Z,1.7.1-patra-1.10.3,health_tracker_record,1,,11
2026-05-28T21:12:36Z,1.7.1-patra-1.10.3,health_history_record,1,,20
2026-05-28T21:12:36Z,1.7.1-patra-1.10.3,state_transition_check,1,,11
2026-05-28T21:12:36Z,1.7.1-patra-1.10.3,backoff_delay_compute,1,,11
2026-05-28T21:12:36Z,1.7.1-patra-1.10.3,generate_unit,7,5,447
2026-05-28T21:12:36Z,1.7.1-patra-1.10.3,on_service_crash,1,,10
2026-05-28T21:12:36Z,1.7.1-patra-1.10.3,resolve_order_desktop,11,9,56
2026-05-28T21:12:36Z,1.7.1-patra-1.10.3,resolve_waves_chain_20,61,59,109
2026-05-28T21:12:36Z,1.7.1-patra-1.10.3,resolve_waves_wide_20,14,12,78
2026-05-28T21:12:36Z,1.7.1-patra-1.10.3,plan_shutdown_poweroff,17,14,64
2026-05-28T21:12:36Z,1.7.1-patra-1.10.3,configure_readonly_rootfs,4,2,55
2026-05-28T21:12:36Z,1.7.1-patra-1.10.3,verify_rootfs_integrity,3,1,46
2026-05-28T21:12:36Z,1.7.1-patra-1.10.3,stats_desktop,2,1,13
2026-05-28T21:12:36Z,1.7.1-patra-1.10.3,generate_tmpfile_cmds_20,19,17,94
2026-05-28T21:12:36Z,1.7.1-patra-1.10.3,plan_runlevel_switch,7,6,40
2026-05-28T21:12:36Z,1.7.1-patra-1.10.3,mark_all_steps_complete,65,60,124
2026-05-28T21:12:36Z,1.7.1-patra-1.10.3,audit_log_record,7,5,61
2026-06-01T21:23:32Z,1.8.0-baseline,build_boot_seq_desktop,6,3,288
2026-06-01T21:23:32Z,1.8.0-baseline,build_boot_seq_server,5,3,137
2026-06-01T21:23:32Z,1.8.0-baseline,build_boot_seq_minimal,5,3,201
2026-06-01T21:23:32Z,1.8.0-baseline,build_boot_seq_edge,5,3,131
2026-06-01T21:23:32Z,1.8.0-baseline,init_new_desktop,38,23,
2026-06-01T21:23:32Z,1.8.0-baseline,init_new_minimal,15,11,63
2026-06-01T21:23:32Z,1.8.0-baseline,init_new_edge,15,11,108
2026-06-01T21:23:32Z,1.8.0-baseline,resolve_order_chain_10,13,8,86
2026-06-01T21:23:32Z,1.8.0-baseline,resolve_order_chain_50,97,87,168
2026-06-01T21:23:32Z,1.8.0-baseline,resolve_order_chain_100,237,219,415
2026-06-01T21:23:32Z,1.8.0-baseline,resolve_waves_desktop,16,12,92
2026-06-01T21:23:32Z,1.8.0-baseline,plan_shutdown_reboot,19,15,81
2026-06-01T21:23:32Z,1.8.0-baseline,health_tracker_record,1,,14
2026-06-01T21:23:32Z,1.8.0-baseline,health_history_record,1,,9
2026-06-01T21:23:32Z,1.8.0-baseline,state_transition_check,1,,12
2026-06-01T21:23:32Z,1.8.0-baseline,backoff_delay_compute,1,,9
2026-06-01T21:23:32Z,1.8.0-baseline,generate_unit,7,5,24
2026-06-01T21:23:32Z,1.8.0-baseline,on_service_crash,1,,26
2026-06-01T21:23:32Z,1.8.0-baseline,resolve_order_desktop,13,10,69
2026-06-01T21:23:32Z,1.8.0-baseline,resolve_waves_chain_20,70,65,143
2026-06-01T21:23:32Z,1.8.0-baseline,resolve_waves_wide_20,16,11,157
2026-06-01T21:23:32Z,1.8.0-baseline,plan_shutdown_poweroff,19,15,95
2026-06-01T21:23:32Z,1.8.0-baseline,configure_readonly_rootfs,4,2,80
2026-06-01T21:23:32Z,1.8.0-baseline,verify_rootfs_integrity,3,1,35
2026-06-01T21:23:32Z,1.8.0-baseline,stats_desktop,2,1,18
2026-06-01T21:23:32Z,1.8.0-baseline,generate_tmpfile_cmds_20,21,16,95
2026-06-01T21:23:32Z,1.8.0-baseline,plan_runlevel_switch,8,6,65
2026-06-01T21:23:32Z,1.8.0-baseline,mark_all_steps_complete,69,59,194
2026-06-01T21:23:32Z,1.8.0-baseline,audit_log_record,8,5,95
2026-06-01T21:23:32Z,1.8.0-baseline,build_boot_seq_desktop,6,3,288
2026-06-01T21:23:32Z,1.8.0-baseline,build_boot_seq_server,5,3,137
2026-06-01T21:23:32Z,1.8.0-baseline,build_boot_seq_minimal,5,3,201
2026-06-01T21:23:32Z,1.8.0-baseline,build_boot_seq_edge,5,3,131
2026-06-01T21:23:32Z,1.8.0-baseline,init_new_desktop,38,23,
2026-06-01T21:23:32Z,1.8.0-baseline,init_new_minimal,15,11,63
2026-06-01T21:23:32Z,1.8.0-baseline,init_new_edge,15,11,108
2026-06-01T21:23:32Z,1.8.0-baseline,resolve_order_chain_10,13,8,86
2026-06-01T21:23:32Z,1.8.0-baseline,resolve_order_chain_50,97,87,168
2026-06-01T21:23:32Z,1.8.0-baseline,resolve_order_chain_100,237,219,415
2026-06-01T21:23:32Z,1.8.0-baseline,resolve_waves_desktop,16,12,92
2026-06-01T21:23:32Z,1.8.0-baseline,plan_shutdown_reboot,19,15,81
2026-06-01T21:23:32Z,1.8.0-baseline,health_tracker_record,1,,14
2026-06-01T21:23:32Z,1.8.0-baseline,health_history_record,1,,9
2026-06-01T21:23:32Z,1.8.0-baseline,state_transition_check,1,,12
2026-06-01T21:23:32Z,1.8.0-baseline,backoff_delay_compute,1,,9
2026-06-01T21:23:32Z,1.8.0-baseline,generate_unit,7,5,24
2026-06-01T21:23:32Z,1.8.0-baseline,on_service_crash,1,,26
2026-06-01T21:23:32Z,1.8.0-baseline,resolve_order_desktop,13,10,69
2026-06-01T21:23:32Z,1.8.0-baseline,resolve_waves_chain_20,70,65,143
2026-06-01T21:23:32Z,1.8.0-baseline,resolve_waves_wide_20,16,11,157
2026-06-01T21:23:32Z,1.8.0-baseline,plan_shutdown_poweroff,19,15,95
2026-06-01T21:23:32Z,1.8.0-baseline,configure_readonly_rootfs,4,2,80
2026-06-01T21:23:32Z,1.8.0-baseline,verify_rootfs_integrity,3,1,35
2026-06-01T21:23:32Z,1.8.0-baseline,stats_desktop,2,1,18
2026-06-01T21:23:32Z,1.8.0-baseline,generate_tmpfile_cmds_20,21,16,95
2026-06-01T21:23:32Z,1.8.0-baseline,plan_runlevel_switch,8,6,65
2026-06-01T21:23:32Z,1.8.0-baseline,mark_all_steps_complete,69,59,194
2026-06-01T21:23:32Z,1.8.0-baseline,audit_log_record,8,5,95
2026-06-01T21:29:53Z,1.8.0-closeout,build_boot_seq_desktop,7,4,203
2026-06-01T21:29:53Z,1.8.0-closeout,build_boot_seq_server,5,3,184
2026-06-01T21:29:53Z,1.8.0-closeout,build_boot_seq_minimal,6,3,218
2026-06-01T21:29:53Z,1.8.0-closeout,build_boot_seq_edge,5,3,118
2026-06-01T21:29:53Z,1.8.0-closeout,init_new_desktop,37,23,
2026-06-01T21:29:53Z,1.8.0-closeout,init_new_minimal,16,12,165
2026-06-01T21:29:53Z,1.8.0-closeout,init_new_edge,15,12,86
2026-06-01T21:29:53Z,1.8.0-closeout,resolve_order_chain_10,13,9,175
2026-06-01T21:29:53Z,1.8.0-closeout,resolve_order_chain_50,96,89,195
2026-06-01T21:29:53Z,1.8.0-closeout,resolve_order_chain_100,227,213,332
2026-06-01T21:29:53Z,1.8.0-closeout,resolve_waves_desktop,16,8,103
2026-06-01T21:29:53Z,1.8.0-closeout,plan_shutdown_reboot,22,14,128
2026-06-01T21:29:53Z,1.8.0-closeout,health_tracker_record,1,,32
2026-06-01T21:29:53Z,1.8.0-closeout,health_history_record,1,,37
2026-06-01T21:29:53Z,1.8.0-closeout,state_transition_check,1,,30
2026-06-01T21:29:53Z,1.8.0-closeout,backoff_delay_compute,1,,48
2026-06-01T21:29:53Z,1.8.0-closeout,generate_unit,8,5,25
2026-06-01T21:29:53Z,1.8.0-closeout,on_service_crash,1,,17
2026-06-01T21:29:53Z,1.8.0-closeout,resolve_order_desktop,14,9,100
2026-06-01T21:29:53Z,1.8.0-closeout,resolve_waves_chain_20,91,64,280
2026-06-01T21:29:53Z,1.8.0-closeout,resolve_waves_wide_20,22,9,155
2026-06-01T21:29:53Z,1.8.0-closeout,plan_shutdown_poweroff,24,9,186
2026-06-01T21:29:53Z,1.8.0-closeout,configure_readonly_rootfs,5,2,84
2026-06-01T21:29:53Z,1.8.0-closeout,verify_rootfs_integrity,3,1,44
2026-06-01T21:29:53Z,1.8.0-closeout,stats_desktop,2,1,52
2026-06-01T21:29:53Z,1.8.0-closeout,generate_tmpfile_cmds_20,25,16,159
2026-06-01T21:29:53Z,1.8.0-closeout,plan_runlevel_switch,9,6,85
2026-06-01T21:29:53Z,1.8.0-closeout,mark_all_steps_complete,76,61,222
2026-06-01T21:29:53Z,1.8.0-closeout,audit_log_record,8,5,81
2026-06-01T21:29:53Z,1.8.0-closeout,build_boot_seq_desktop,7,4,203
2026-06-01T21:29:53Z,1.8.0-closeout,build_boot_seq_server,5,3,184
2026-06-01T21:29:53Z,1.8.0-closeout,build_boot_seq_minimal,6,3,218
2026-06-01T21:29:53Z,1.8.0-closeout,build_boot_seq_edge,5,3,118
2026-06-01T21:29:53Z,1.8.0-closeout,init_new_desktop,37,23,
2026-06-01T21:29:53Z,1.8.0-closeout,init_new_minimal,16,12,165
2026-06-01T21:29:53Z,1.8.0-closeout,init_new_edge,15,12,86
2026-06-01T21:29:53Z,1.8.0-closeout,resolve_order_chain_10,13,9,175
2026-06-01T21:29:53Z,1.8.0-closeout,resolve_order_chain_50,96,89,195
2026-06-01T21:29:53Z,1.8.0-closeout,resolve_order_chain_100,227,213,332
2026-06-01T21:29:53Z,1.8.0-closeout,resolve_waves_desktop,16,8,103
2026-06-01T21:29:53Z,1.8.0-closeout,plan_shutdown_reboot,22,14,128
2026-06-01T21:29:53Z,1.8.0-closeout,health_tracker_record,1,,32
2026-06-01T21:29:53Z,1.8.0-closeout,health_history_record,1,,37
2026-06-01T21:29:53Z,1.8.0-closeout,state_transition_check,1,,30
2026-06-01T21:29:53Z,1.8.0-closeout,backoff_delay_compute,1,,48
2026-06-01T21:29:53Z,1.8.0-closeout,generate_unit,8,5,25
2026-06-01T21:29:53Z,1.8.0-closeout,on_service_crash,1,,17
2026-06-01T21:29:53Z,1.8.0-closeout,resolve_order_desktop,14,9,100
2026-06-01T21:29:53Z,1.8.0-closeout,resolve_waves_chain_20,91,64,280
2026-06-01T21:29:53Z,1.8.0-closeout,resolve_waves_wide_20,22,9,155
2026-06-01T21:29:53Z,1.8.0-closeout,plan_shutdown_poweroff,24,9,186
2026-06-01T21:29:53Z,1.8.0-closeout,configure_readonly_rootfs,5,2,84
2026-06-01T21:29:53Z,1.8.0-closeout,verify_rootfs_integrity,3,1,44
2026-06-01T21:29:53Z,1.8.0-closeout,stats_desktop,2,1,52
2026-06-01T21:29:53Z,1.8.0-closeout,generate_tmpfile_cmds_20,25,16,159
2026-06-01T21:29:53Z,1.8.0-closeout,plan_runlevel_switch,9,6,85
2026-06-01T21:29:53Z,1.8.0-closeout,mark_all_steps_complete,76,61,222
2026-06-01T21:29:53Z,1.8.0-closeout,audit_log_record,8,5,81
2026-06-03T23:38:40Z,1.8.1-baseline,build_boot_seq_desktop,5,3,221
2026-06-03T23:38:40Z,1.8.1-baseline,build_boot_seq_server,5,3,213
2026-06-03T23:38:40Z,1.8.1-baseline,build_boot_seq_minimal,5,3,152
2026-06-03T23:38:40Z,1.8.1-baseline,build_boot_seq_edge,5,3,133
2026-06-03T23:38:40Z,1.8.1-baseline,init_new_desktop,37,22,
2026-06-03T23:38:40Z,1.8.1-baseline,init_new_minimal,15,12,135
2026-06-03T23:38:40Z,1.8.1-baseline,init_new_edge,13,11,31
2026-06-03T23:38:40Z,1.8.1-baseline,resolve_order_chain_10,12,9,138
2026-06-03T23:38:40Z,1.8.1-baseline,resolve_order_chain_50,89,83,217
2026-06-03T23:38:40Z,1.8.1-baseline,resolve_order_chain_100,215,202,308
2026-06-03T23:38:40Z,1.8.1-baseline,resolve_waves_desktop,15,12,109
2026-06-03T23:38:40Z,1.8.1-baseline,plan_shutdown_reboot,18,14,101
2026-06-03T23:38:40Z,1.8.1-baseline,health_tracker_record,1,,16
2026-06-03T23:38:40Z,1.8.1-baseline,health_history_record,1,,10
2026-06-03T23:38:40Z,1.8.1-baseline,state_transition_check,1,,14
2026-06-03T23:38:40Z,1.8.1-baseline,backoff_delay_compute,1,,13
2026-06-03T23:38:40Z,1.8.1-baseline,generate_unit,7,4,462
2026-06-03T23:38:40Z,1.8.1-baseline,on_service_crash,1,,17
2026-06-03T23:38:40Z,1.8.1-baseline,resolve_order_desktop,12,9,93
2026-06-03T23:38:40Z,1.8.1-baseline,resolve_waves_chain_20,65,60,153
2026-06-03T23:38:40Z,1.8.1-baseline,resolve_waves_wide_20,15,12,100
2026-06-03T23:38:40Z,1.8.1-baseline,plan_shutdown_poweroff,18,15,131
2026-06-03T23:38:40Z,1.8.1-baseline,configure_readonly_rootfs,4,2,125
2026-06-03T23:38:40Z,1.8.1-baseline,verify_rootfs_integrity,3,1,85
2026-06-03T23:38:40Z,1.8.1-baseline,stats_desktop,2,1,16
2026-06-03T23:38:40Z,1.8.1-baseline,generate_tmpfile_cmds_20,21,17,151
2026-06-03T23:38:40Z,1.8.1-baseline,plan_runlevel_switch,8,5,90
2026-06-03T23:38:40Z,1.8.1-baseline,mark_all_steps_complete,68,62,136
2026-06-03T23:38:40Z,1.8.1-baseline,audit_log_record,7,5,49
2026-06-03T23:38:40Z,1.8.1-baseline,build_boot_seq_desktop,5,3,221
2026-06-03T23:38:40Z,1.8.1-baseline,build_boot_seq_server,5,3,213
2026-06-03T23:38:40Z,1.8.1-baseline,build_boot_seq_minimal,5,3,152
2026-06-03T23:38:40Z,1.8.1-baseline,build_boot_seq_edge,5,3,133
2026-06-03T23:38:40Z,1.8.1-baseline,init_new_desktop,37,22,
2026-06-03T23:38:40Z,1.8.1-baseline,init_new_minimal,15,12,135
2026-06-03T23:38:40Z,1.8.1-baseline,init_new_edge,13,11,31
2026-06-03T23:38:40Z,1.8.1-baseline,resolve_order_chain_10,12,9,138
2026-06-03T23:38:40Z,1.8.1-baseline,resolve_order_chain_50,89,83,217
2026-06-03T23:38:40Z,1.8.1-baseline,resolve_order_chain_100,215,202,308
2026-06-03T23:38:40Z,1.8.1-baseline,resolve_waves_desktop,15,12,109
2026-06-03T23:38:40Z,1.8.1-baseline,plan_shutdown_reboot,18,14,101
2026-06-03T23:38:40Z,1.8.1-baseline,health_tracker_record,1,,16
2026-06-03T23:38:40Z,1.8.1-baseline,health_history_record,1,,10
2026-06-03T23:38:40Z,1.8.1-baseline,state_transition_check,1,,14
2026-06-03T23:38:40Z,1.8.1-baseline,backoff_delay_compute,1,,13
2026-06-03T23:38:40Z,1.8.1-baseline,generate_unit,7,4,462
2026-06-03T23:38:40Z,1.8.1-baseline,on_service_crash,1,,17
2026-06-03T23:38:40Z,1.8.1-baseline,resolve_order_desktop,12,9,93
2026-06-03T23:38:40Z,1.8.1-baseline,resolve_waves_chain_20,65,60,153
2026-06-03T23:38:40Z,1.8.1-baseline,resolve_waves_wide_20,15,12,100
2026-06-03T23:38:40Z,1.8.1-baseline,plan_shutdown_poweroff,18,15,131
2026-06-03T23:38:40Z,1.8.1-baseline,configure_readonly_rootfs,4,2,125
2026-06-03T23:38:40Z,1.8.1-baseline,verify_rootfs_integrity,3,1,85
2026-06-03T23:38:40Z,1.8.1-baseline,stats_desktop,2,1,16
2026-06-03T23:38:40Z,1.8.1-baseline,generate_tmpfile_cmds_20,21,17,151
2026-06-03T23:38:40Z,1.8.1-baseline,plan_runlevel_switch,8,5,90
2026-06-03T23:38:40Z,1.8.1-baseline,mark_all_steps_complete,68,62,136
2026-06-03T23:38:40Z,1.8.1-baseline,audit_log_record,7,5,49
2026-06-03T23:44:21Z,1.8.1-libro-2.7.1,build_boot_seq_desktop,5,3,214
2026-06-03T23:44:21Z,1.8.1-libro-2.7.1,build_boot_seq_server,5,3,214
2026-06-03T23:44:21Z,1.8.1-libro-2.7.1,build_boot_seq_minimal,5,3,130
2026-06-03T23:44:21Z,1.8.1-libro-2.7.1,build_boot_seq_edge,5,3,130
2026-06-03T23:44:21Z,1.8.1-libro-2.7.1,init_new_desktop,36,23,
2026-06-03T23:44:21Z,1.8.1-libro-2.7.1,init_new_minimal,14,11,133
2026-06-03T23:44:21Z,1.8.1-libro-2.7.1,init_new_edge,13,10,131
2026-06-03T23:44:21Z,1.8.1-libro-2.7.1,resolve_order_chain_10,11,9,140
2026-06-03T23:44:21Z,1.8.1-libro-2.7.1,resolve_order_chain_50,85,81,170
2026-06-03T23:44:21Z,1.8.1-libro-2.7.1,resolve_order_chain_100,209,197,298
2026-06-03T23:44:21Z,1.8.1-libro-2.7.1,resolve_waves_desktop,14,11,95
2026-06-03T23:44:21Z,1.8.1-libro-2.7.1,plan_shutdown_reboot,17,14,100
2026-06-03T23:44:21Z,1.8.1-libro-2.7.1,health_tracker_record,1,,9
2026-06-03T23:44:21Z,1.8.1-libro-2.7.1,health_history_record,1,,15
2026-06-03T23:44:21Z,1.8.1-libro-2.7.1,state_transition_check,1,,9
2026-06-03T23:44:21Z,1.8.1-libro-2.7.1,backoff_delay_compute,1,,10
2026-06-03T23:44:21Z,1.8.1-libro-2.7.1,generate_unit,6,4,16
2026-06-03T23:44:21Z,1.8.1-libro-2.7.1,on_service_crash,1,,10
2026-06-03T23:44:21Z,1.8.1-libro-2.7.1,resolve_order_desktop,11,9,108
2026-06-03T23:44:21Z,1.8.1-libro-2.7.1,resolve_waves_chain_20,61,59,145
2026-06-03T23:44:21Z,1.8.1-libro-2.7.1,resolve_waves_wide_20,15,12,108
2026-06-03T23:44:21Z,1.8.1-libro-2.7.1,plan_shutdown_poweroff,17,14,115
2026-06-03T23:44:21Z,1.8.1-libro-2.7.1,configure_readonly_rootfs,4,2,96
2026-06-03T23:44:21Z,1.8.1-libro-2.7.1,verify_rootfs_integrity,3,1,83
2026-06-03T23:44:21Z,1.8.1-libro-2.7.1,stats_desktop,2,1,13
2026-06-03T23:44:21Z,1.8.1-libro-2.7.1,generate_tmpfile_cmds_20,19,17,122
2026-06-03T23:44:21Z,1.8.1-libro-2.7.1,plan_runlevel_switch,7,6,88
2026-06-03T23:44:21Z,1.8.1-libro-2.7.1,mark_all_steps_complete,67,61,138
2026-06-03T23:44:21Z,1.8.1-libro-2.7.1,audit_log_record,8,6,78
2026-06-03T23:44:21Z,1.8.1-libro-2.7.1,build_boot_seq_desktop,5,3,214
2026-06-03T23:44:21Z,1.8.1-libro-2.7.1,build_boot_seq_server,5,3,214
2026-06-03T23:44:21Z,1.8.1-libro-2.7.1,build_boot_seq_minimal,5,3,130
2026-06-03T23:44:21Z,1.8.1-libro-2.7.1,build_boot_seq_edge,5,3,130
2026-06-03T23:44:21Z,1.8.1-libro-2.7.1,init_new_desktop,36,23,
2026-06-03T23:44:21Z,1.8.1-libro-2.7.1,init_new_minimal,14,11,133
2026-06-03T23:44:21Z,1.8.1-libro-2.7.1,init_new_edge,13,10,131
2026-06-03T23:44:21Z,1.8.1-libro-2.7.1,resolve_order_chain_10,11,9,140
2026-06-03T23:44:21Z,1.8.1-libro-2.7.1,resolve_order_chain_50,85,81,170
2026-06-03T23:44:21Z,1.8.1-libro-2.7.1,resolve_order_chain_100,209,197,298
2026-06-03T23:44:21Z,1.8.1-libro-2.7.1,resolve_waves_desktop,14,11,95
2026-06-03T23:44:21Z,1.8.1-libro-2.7.1,plan_shutdown_reboot,17,14,100
2026-06-03T23:44:21Z,1.8.1-libro-2.7.1,health_tracker_record,1,,9
2026-06-03T23:44:21Z,1.8.1-libro-2.7.1,health_history_record,1,,15
2026-06-03T23:44:21Z,1.8.1-libro-2.7.1,state_transition_check,1,,9
2026-06-03T23:44:21Z,1.8.1-libro-2.7.1,backoff_delay_compute,1,,10
2026-06-03T23:44:21Z,1.8.1-libro-2.7.1,generate_unit,6,4,16
2026-06-03T23:44:21Z,1.8.1-libro-2.7.1,on_service_crash,1,,10
2026-06-03T23:44:21Z,1.8.1-libro-2.7.1,resolve_order_desktop,11,9,108
2026-06-03T23:44:21Z,1.8.1-libro-2.7.1,resolve_waves_chain_20,61,59,145
2026-06-03T23:44:21Z,1.8.1-libro-2.7.1,resolve_waves_wide_20,15,12,108
2026-06-03T23:44:21Z,1.8.1-libro-2.7.1,plan_shutdown_poweroff,17,14,115
2026-06-03T23:44:21Z,1.8.1-libro-2.7.1,configure_readonly_rootfs,4,2,96
2026-06-03T23:44:21Z,1.8.1-libro-2.7.1,verify_rootfs_integrity,3,1,83
2026-06-03T23:44:21Z,1.8.1-libro-2.7.1,stats_desktop,2,1,13
2026-06-03T23:44:21Z,1.8.1-libro-2.7.1,generate_tmpfile_cmds_20,19,17,122
2026-06-03T23:44:21Z,1.8.1-libro-2.7.1,plan_runlevel_switch,7,6,88
2026-06-03T23:44:21Z,1.8.1-libro-2.7.1,mark_all_steps_complete,67,61,138
2026-06-03T23:44:21Z,1.8.1-libro-2.7.1,audit_log_record,8,6,78
2026-06-16T02:19:06Z,1.8.3-cyrius-6.2.11,build_boot_seq_desktop,3,2,12
2026-06-16T02:19:06Z,1.8.3-cyrius-6.2.11,build_boot_seq_server,3,1,20
2026-06-16T02:19:06Z,1.8.3-cyrius-6.2.11,build_boot_seq_minimal,2,1,33
2026-06-16T02:19:06Z,1.8.3-cyrius-6.2.11,build_boot_seq_edge,2,1,22
2026-06-16T02:19:06Z,1.8.3-cyrius-6.2.11,init_new_desktop,35,22,
2026-06-16T02:19:06Z,1.8.3-cyrius-6.2.11,init_new_minimal,10,9,19
2026-06-16T02:19:06Z,1.8.3-cyrius-6.2.11,init_new_edge,8,7,18
2026-06-16T02:19:06Z,1.8.3-cyrius-6.2.11,resolve_order_chain_10,14,11,45
2026-06-16T02:19:06Z,1.8.3-cyrius-6.2.11,resolve_order_chain_50,99,91,218
2026-06-16T02:19:06Z,1.8.3-cyrius-6.2.11,resolve_order_chain_100,225,210,604
2026-06-16T02:19:06Z,1.8.3-cyrius-6.2.11,resolve_waves_desktop,16,10,53
2026-06-16T02:19:06Z,1.8.3-cyrius-6.2.11,plan_shutdown_reboot,17,16,41
2026-06-16T02:19:06Z,1.8.3-cyrius-6.2.11,health_tracker_record,1,,22
2026-06-16T02:19:06Z,1.8.3-cyrius-6.2.11,health_history_record,1,,22
2026-06-16T02:19:06Z,1.8.3-cyrius-6.2.11,state_transition_check,1,,12
2026-06-16T02:19:06Z,1.8.3-cyrius-6.2.11,backoff_delay_compute,1,,14
2026-06-16T02:19:06Z,1.8.3-cyrius-6.2.11,generate_unit,7,5,184
2026-06-16T02:19:06Z,1.8.3-cyrius-6.2.11,on_service_crash,1,,10
2026-06-16T02:19:06Z,1.8.3-cyrius-6.2.11,resolve_order_desktop,13,11,52
2026-06-16T02:19:06Z,1.8.3-cyrius-6.2.11,resolve_waves_chain_20,67,66,88
2026-06-16T02:19:06Z,1.8.3-cyrius-6.2.11,resolve_waves_wide_20,16,14,46
2026-06-16T02:19:06Z,1.8.3-cyrius-6.2.11,plan_shutdown_poweroff,18,15,62
2026-06-16T02:19:06Z,1.8.3-cyrius-6.2.11,configure_readonly_rootfs,6,4,662
2026-06-16T02:19:06Z,1.8.3-cyrius-6.2.11,verify_rootfs_integrity,4,2,16
2026-06-16T02:19:06Z,1.8.3-cyrius-6.2.11,stats_desktop,2,1,40
2026-06-16T02:19:06Z,1.8.3-cyrius-6.2.11,generate_tmpfile_cmds_20,31,28,108
2026-06-16T02:19:06Z,1.8.3-cyrius-6.2.11,plan_runlevel_switch,7,6,69
2026-06-16T02:19:06Z,1.8.3-cyrius-6.2.11,mark_all_steps_complete,53,51,69
2026-06-16T02:19:06Z,1.8.3-cyrius-6.2.11,audit_log_record,8,6,488
2026-06-16T02:19:06Z,1.8.3-cyrius-6.2.11,build_boot_seq_desktop,3,2,12
2026-06-16T02:19:06Z,1.8.3-cyrius-6.2.11,build_boot_seq_server,3,1,20
2026-06-16T02:19:06Z,1.8.3-cyrius-6.2.11,build_boot_seq_minimal,2,1,33
2026-06-16T02:19:06Z,1.8.3-cyrius-6.2.11,build_boot_seq_edge,2,1,22
2026-06-16T02:19:06Z,1.8.3-cyrius-6.2.11,init_new_desktop,35,22,
2026-06-16T02:19:06Z,1.8.3-cyrius-6.2.11,init_new_minimal,10,9,19
2026-06-16T02:19:06Z,1.8.3-cyrius-6.2.11,init_new_edge,8,7,18
2026-06-16T02:19:06Z,1.8.3-cyrius-6.2.11,resolve_order_chain_10,14,11,45
2026-06-16T02:19:06Z,1.8.3-cyrius-6.2.11,resolve_order_chain_50,99,91,218
2026-06-16T02:19:06Z,1.8.3-cyrius-6.2.11,resolve_order_chain_100,225,210,604
2026-06-16T02:19:06Z,1.8.3-cyrius-6.2.11,resolve_waves_desktop,16,10,53
2026-06-16T02:19:06Z,1.8.3-cyrius-6.2.11,plan_shutdown_reboot,17,16,41
2026-06-16T02:19:06Z,1.8.3-cyrius-6.2.11,health_tracker_record,1,,22
2026-06-16T02:19:06Z,1.8.3-cyrius-6.2.11,health_history_record,1,,22
2026-06-16T02:19:06Z,1.8.3-cyrius-6.2.11,state_transition_check,1,,12
2026-06-16T02:19:06Z,1.8.3-cyrius-6.2.11,backoff_delay_compute,1,,14
2026-06-16T02:19:06Z,1.8.3-cyrius-6.2.11,generate_unit,7,5,184
2026-06-16T02:19:06Z,1.8.3-cyrius-6.2.11,on_service_crash,1,,10
2026-06-16T02:19:06Z,1.8.3-cyrius-6.2.11,resolve_order_desktop,13,11,52
2026-06-16T02:19:06Z,1.8.3-cyrius-6.2.11,resolve_waves_chain_20,67,66,88
2026-06-16T02:19:06Z,1.8.3-cyrius-6.2.11,resolve_waves_wide_20,16,14,46
2026-06-16T02:19:06Z,1.8.3-cyrius-6.2.11,plan_shutdown_poweroff,18,15,62
2026-06-16T02:19:06Z,1.8.3-cyrius-6.2.11,configure_readonly_rootfs,6,4,662
2026-06-16T02:19:06Z,1.8.3-cyrius-6.2.11,verify_rootfs_integrity,4,2,16
2026-06-16T02:19:06Z,1.8.3-cyrius-6.2.11,stats_desktop,2,1,40
2026-06-16T02:19:06Z,1.8.3-cyrius-6.2.11,generate_tmpfile_cmds_20,31,28,108
2026-06-16T02:19:06Z,1.8.3-cyrius-6.2.11,plan_runlevel_switch,7,6,69
2026-06-16T02:19:06Z,1.8.3-cyrius-6.2.11,mark_all_steps_complete,53,51,69
2026-06-16T02:19:06Z,1.8.3-cyrius-6.2.11,audit_log_record,8,6,488
2026-07-13T20:14:49Z,1.8.4-cyrius-6.4.62,build_boot_seq_desktop,2.295,0.978,12.432
2026-07-13T20:14:49Z,1.8.4-cyrius-6.4.62,build_boot_seq_server,2.138,0.907,11.873
2026-07-13T20:14:49Z,1.8.4-cyrius-6.4.62,build_boot_seq_minimal,1.951,0.908,11.803
2026-07-13T20:14:49Z,1.8.4-cyrius-6.4.62,build_boot_seq_edge,1.861,0.908,15.365
2026-07-13T20:14:49Z,1.8.4-cyrius-6.4.62,init_new_desktop,24.972,12.921,10576.000
2026-07-13T20:14:49Z,1.8.4-cyrius-6.4.62,init_new_minimal,6.620,6.076,14.876
2026-07-13T20:14:49Z,1.8.4-cyrius-6.4.62,init_new_edge,5.896,5.308,14.667
2026-07-13T20:14:49Z,1.8.4-cyrius-6.4.62,resolve_order_chain_10,10.315,9.009,34.991
2026-07-13T20:14:49Z,1.8.4-cyrius-6.4.62,resolve_order_chain_50,74.421,72.984,96.311
2026-07-13T20:14:49Z,1.8.4-cyrius-6.4.62,resolve_order_chain_100,184.792,178.235,237.949
2026-07-13T20:14:49Z,1.8.4-cyrius-6.4.62,resolve_waves_desktop,12.946,11.524,39.041
2026-07-13T20:14:49Z,1.8.4-cyrius-6.4.62,plan_shutdown_reboot,13.415,11.873,30.101
2026-07-13T20:14:49Z,1.8.4-cyrius-6.4.62,health_tracker_record,1.450,0.907,9.987
2026-07-13T20:14:49Z,1.8.4-cyrius-6.4.62,health_history_record,1.331,0.838,10.058
2026-07-13T20:14:49Z,1.8.4-cyrius-6.4.62,state_transition_check,1.343,0.838,10.337
2026-07-13T20:14:49Z,1.8.4-cyrius-6.4.62,backoff_delay_compute,1.452,0.907,11.803
2026-07-13T20:14:49Z,1.8.4-cyrius-6.4.62,generate_unit,5.898,4.680,14.318
2026-07-13T20:14:49Z,1.8.4-cyrius-6.4.62,on_service_crash,1.350,0.907,10.336
2026-07-13T20:14:49Z,1.8.4-cyrius-6.4.62,resolve_order_desktop,10.487,9.359,31.499
2026-07-13T20:14:49Z,1.8.4-cyrius-6.4.62,resolve_waves_chain_20,56.009,53.568,93.028
2026-07-13T20:14:49Z,1.8.4-cyrius-6.4.62,resolve_waves_wide_20,13.390,11.873,307.860
2026-07-13T20:14:49Z,1.8.4-cyrius-6.4.62,plan_shutdown_poweroff,13.256,11.873,23.956
2026-07-13T20:14:49Z,1.8.4-cyrius-6.4.62,configure_readonly_rootfs,3.451,1.956,18.787
2026-07-13T20:14:49Z,1.8.4-cyrius-6.4.62,verify_rootfs_integrity,2.965,1.467,14.946
2026-07-13T20:14:49Z,1.8.4-cyrius-6.4.62,stats_desktop,2.371,1.397,11.943
2026-07-13T20:14:49Z,1.8.4-cyrius-6.4.62,generate_tmpfile_cmds_20,14.513,12.781,36.177
2026-07-13T20:14:49Z,1.8.4-cyrius-6.4.62,plan_runlevel_switch,5.867,4.330,21.023
2026-07-13T20:14:49Z,1.8.4-cyrius-6.4.62,mark_all_steps_complete,45.295,43.861,64.813
2026-07-13T20:14:49Z,1.8.4-cyrius-6.4.62,audit_log_record,7.841,5.727,59.226
2026-07-13T20:14:49Z,1.8.4-cyrius-6.4.62,build_boot_seq_desktop,2.295,0.978,12.432
2026-07-13T20:14:49Z,1.8.4-cyrius-6.4.62,build_boot_seq_server,2.138,0.907,11.873
2026-07-13T20:14:49Z,1.8.4-cyrius-6.4.62,build_boot_seq_minimal,1.951,0.908,11.803
2026-07-13T20:14:49Z,1.8.4-cyrius-6.4.62,build_boot_seq_edge,1.861,0.908,15.365
2026-07-13T20:14:49Z,1.8.4-cyrius-6.4.62,init_new_desktop,24.972,12.921,10576.000
2026-07-13T20:14:49Z,1.8.4-cyrius-6.4.62,init_new_minimal,6.620,6.076,14.876
2026-07-13T20:14:49Z,1.8.4-cyrius-6.4.62,init_new_edge,5.896,5.308,14.667
2026-07-13T20:14:49Z,1.8.4-cyrius-6.4.62,resolve_order_chain_10,10.315,9.009,34.991
2026-07-13T20:14:49Z,1.8.4-cyrius-6.4.62,resolve_order_chain_50,74.421,72.984,96.311
2026-07-13T20:14:49Z,1.8.4-cyrius-6.4.62,resolve_order_chain_100,184.792,178.235,237.949
2026-07-13T20:14:49Z,1.8.4-cyrius-6.4.62,resolve_waves_desktop,12.946,11.524,39.041
2026-07-13T20:14:49Z,1.8.4-cyrius-6.4.62,plan_shutdown_reboot,13.415,11.873,30.101
2026-07-13T20:14:49Z,1.8.4-cyrius-6.4.62,health_tracker_record,1.450,0.907,9.987
2026-07-13T20:14:49Z,1.8.4-cyrius-6.4.62,health_history_record,1.331,0.838,10.058
2026-07-13T20:14:49Z,1.8.4-cyrius-6.4.62,state_transition_check,1.343,0.838,10.337
2026-07-13T20:14:49Z,1.8.4-cyrius-6.4.62,backoff_delay_compute,1.452,0.907,11.803
2026-07-13T20:14:49Z,1.8.4-cyrius-6.4.62,generate_unit,5.898,4.680,14.318
2026-07-13T20:14:49Z,1.8.4-cyrius-6.4.62,on_service_crash,1.350,0.907,10.336
2026-07-13T20:14:49Z,1.8.4-cyrius-6.4.62,resolve_order_desktop,10.487,9.359,31.499
2026-07-13T20:14:49Z,1.8.4-cyrius-6.4.62,resolve_waves_chain_20,56.009,53.568,93.028
2026-07-13T20:14:49Z,1.8.4-cyrius-6.4.62,resolve_waves_wide_20,13.390,11.873,307.860
2026-07-13T20:14:49Z,1.8.4-cyrius-6.4.62,plan_shutdown_poweroff,13.256,11.873,23.956
2026-07-13T20:14:49Z,1.8.4-cyrius-6.4.62,configure_readonly_rootfs,3.451,1.956,18.787
2026-07-13T20:14:49Z,1.8.4-cyrius-6.4.62,verify_rootfs_integrity,2.965,1.467,14.946
2026-07-13T20:14:49Z,1.8.4-cyrius-6.4.62,stats_desktop,2.371,1.397,11.943
2026-07-13T20:14:49Z,1.8.4-cyrius-6.4.62,generate_tmpfile_cmds_20,14.513,12.781,36.177
2026-07-13T20:14:49Z,1.8.4-cyrius-6.4.62,plan_runlevel_switch,5.867,4.330,21.023
2026-07-13T20:14:49Z,1.8.4-cyrius-6.4.62,mark_all_steps_complete,45.295,43.861,64.813
2026-07-13T20:14:49Z,1.8.4-cyrius-6.4.62,audit_log_record,7.841,5.727,59.226
